/* Inserts.sql */

SET FOREIGN_KEY_CHECKS=0;

INSERT INTO Tessera (IdTessera, DataScadenza, NoleggioInCorso) VALUES
	(1, '2015-06-30', 0),
	(2, '2015-09-14', 0),
	(3, '2015-08-22', 0);

INSERT INTO Utente (Nome, Cognome, DataNascita, LuogoNascita, Residenza,Indirizzo, Email, Tipo, CodiceStudente, IoStudio, IdTessera) VALUES
	('Giovanni','Rossi','1990-08-23','Padova','Vigonza','Via Pascoli, 8','giovannirossi@email.it',NULL,NULL,NULL,1),
	('Paolo','Gironi','1980-10-10','Venezia','Padova','Via Montegrappa, 10','paolo@email.it','Turista',NULL,NULL,2),
	('Davide','Ceron','1992-10-12','Montebelluna','Montebelluna','Via salice, 7','cerondavid@gmail.com','Studente','287654',0,3);

INSERT INTO Materiale (CodiceMateriale, Tipo, Danneggiato) VALUES
	(1,'Colonnina',0),
	(2,'Colonnina',0),
	(3,'Colonnina',0),
	(4,'Colonnina',0),
	(5,'Colonnina',0),
	(6,'Colonnina',0),
	(7,'Colonnina',0),
	(8,'Colonnina',0),
	(9,'Colonnina',0),
	(10,'Colonnina',0),
	(11,'Colonnina',0),
	(12,'Colonnina',0),
	(13,'Colonnina',0),
	(14,'Colonnina',0),
	(15,'Colonnina',0),
	(16,'Colonnina',0),
	(17,'Colonnina',0),
	(18,'Colonnina',0),
	(19,'Colonnina',0),
	(20,'Colonnina',0),
	(21,'Colonnina',0),
	(22,'Colonnina',0),
	(23,'Colonnina',0),
	(24,'Colonnina',0),
	(25,'Colonnina',0),
	(26,'Colonnina',0),
	(27,'Colonnina',0),
	(28,'Colonnina',0),
	(29,'Colonnina',0),
	(30,'Colonnina',0),
	(31,'Colonnina',0),
	(32,'Colonnina',0),
	(33,'Colonnina',1),
	(34,'Colonnina',0),
	(35,'Colonnina',0),
	(36,'Colonnina',0),
	(37,'Colonnina',0),
	(38,'Colonnina',0),
	(39,'Colonnina',0),
	(40,'Colonnina',1),
	(41,'Colonnina',0),
	(42,'Colonnina',0),
	(43,'Colonnina',0),
	(44,'Colonnina',0),
	(45,'Colonnina',1),
	(46,'Colonnina',0),
	(47,'Colonnina',0),
	(48,'Colonnina',0),
	(49,'Colonnina',0),
	(50,'Colonnina',0),
	(51,'Colonnina',0),
	(52,'Colonnina',0),
	(53,'Colonnina',0),
	(54,'Colonnina',0),
	(55,'Colonnina',0),
	(56,'Colonnina',0),
	(57,'Colonnina',0),
	(58,'Colonnina',0),
	(59,'Colonnina',0),
	(60,'Colonnina',0),
	(61,'Bicicletta',0),
	(62,'Bicicletta',0),
	(63,'Bicicletta',0),
	(64,'Bicicletta',0),
	(65,'Bicicletta',0),
	(66,'Bicicletta',0),
	(67,'Bicicletta',0),
	(68,'Bicicletta',0),
	(69,'Bicicletta',0),
	(70,'Bicicletta',1),
	(71,'Bicicletta',0),
	(72,'Bicicletta',0),
	(73,'Bicicletta',0),
	(74,'Bicicletta',0),
	(75,'Bicicletta',0),
	(76,'Bicicletta',0),
	(77,'Bicicletta',1),
	(78,'Bicicletta',0),
	(79,'Bicicletta',0),
	(80,'Bicicletta',0),
	(81,'Bicicletta',0),
	(82,'Bicicletta',0),
	(83,'Bicicletta',0),
	(84,'Bicicletta',0),
	(85,'Bicicletta',0),
	(86,'Bicicletta',0),
	(87,'Bicicletta',0),
	(88,'Bicicletta',0),
	(89,'Bicicletta',0),
	(90,'Bicicletta',1);

INSERT INTO Bicicletta (CodiceMateriale, Elettrica, Stato) VALUES
	(61,0,'InServizio'),
	(62,0,'InServizio'),
	(63,0,'InServizio'),
	(64,0,'InServizio'),
	(65,0,'InServizio'),
	(66,0,'InServizio'),
	(67,0,'InServizio'),
	(68,0,'InServizio'),
	(69,0,'InServizio'),
	(70,0,'InMagazzino'),
	(71,0,'InServizio'),
	(72,1,'InServizio'),
	(73,0,'InServizio'),
	(74,0,'InServizio'),
	(75,1,'InServizio'),
	(76,0,'InMagazzino'),
	(77,0,'InServizio'),
	(78,0,'InServizio'),
	(79,0,'InServizio'),
	(80,0,'InServizio'),
	(81,0,'InServizio'),
	(82,0,'InServizio'),
	(83,0,'InServizio'),
	(84,0,'InServizio'),
	(85,1,'InServizio'),
	(86,0,'InServizio'),
	(87,0,'InServizio'),
	(88,0,'InServizio'),
	(89,0,'InServizio'),
	(90,0,'InMagazzino');

INSERT INTO Stazione (NomeStazione, Via) VALUES
	('Paolotti','Via Paolotti'),
	('Prato','Via del Santo'),
	('Stazione','Pizzale Stazione');

INSERT INTO Colonnina (CodiceMateriale, Bicicletta, NomeStazione) VALUES
	(1,61,'Paolotti'),
	(2,82,'Paolotti'),
	(3,83,'Paolotti'),
	(4,81,'Paolotti'),
	(5,NULL,'Paolotti'),
	(6,80,'Paolotti'),
	(7,NULL,'Paolotti'),
	(8,NULL,'Paolotti'),
	(9,84,'Paolotti'),
	(10,NULL,'Paolotti'),
	(11,NULL,'Paolotti'),
	(12,62,'Paolotti'),
	(13,63,'Paolotti'),
	(14,NULL,'Paolotti'),
	(15,NULL,'Paolotti'),
	(16,NULL,'Paolotti'),
	(17,79,'Paolotti'),
	(18,NULL,'Paolotti'),
	(19,85,'Paolotti'),
	(20,NULL,'Paolotti'),
	(21,64,'Prato'),
	(22,NULL,'Prato'),
	(23,86,'Prato'),
	(24,NULL,'Prato'),
	(25,65,'Prato'),
	(26,NULL,'Prato'),
	(27,87,'Prato'),
	(28,NULL,'Prato'),
	(29,66,'Prato'),
	(30,NULL,'Prato'),
	(31,NULL,'Prato'),
	(32,67,'Prato'),
	(33,NULL,'Prato'),
	(34,78,'Prato'),
	(35,NULL,'Prato'),
	(36,88,'Prato'),
	(37,NULL,'Prato'),
	(38,NULL,'Prato'),
	(39,68,'Prato'),
	(40,NULL,'Prato'),
	(41,73,'Stazione'),
	(42,NULL,'Stazione'),
	(43,89,'Stazione'),
	(44,72,'Stazione'),
	(45,94,'Stazione'),
	(46,77,'Stazione'),
	(47,90,'Stazione'),
	(48,NULL,'Stazione'),
	(49,NULL,'Stazione'),
	(50,69,'Stazione'),
	(51,76,'Stazione'),
	(52,99,'Stazione'),
	(53,70,'Stazione'),
	(54,92,'Stazione'),
	(55,75,'Stazione'),
	(56,NULL,'Stazione'),
	(57,NULL,'Stazione'),
	(58,71,'Stazione'),
	(59,NULL,'Stazione'),
	(60,98,'Stazione');
/*
INSERT INTO Operazione (IdOperazione, Orario, Colonnina, Tipo, TipologiaPerNoleggio, TipologiaTrasporto, IdTessera) VALUES
	(),
	();

INSERT INTO Manutenzione(Numero, Data, DescrizioneDanno, CodiceMateriale) VALUES
	(),
	();

INSERT INTO SegnalazioneRottura (Colonnina, IdTessera, Bicicletta) VALUES
	(),
	();

INSERT INTO SegnalazioneMancanza (NomeStazione, IdTessera, Data) VALUES
	(),
	();
*/
SET FOREIGN_KEY_CHECKS=1;